v_fname,v_lname,v_email,v_pass
"Pramod","Dutta","pramodd1@gmail.com","Test@4321",
"Amit","Sharma","amits2@gmail.com","Pass123!",
"Sarah","Jenkins","sjenkins3@gmail.com","Sarah@2026",
"John","Doe","johndoe4@gmail.com","Secure789",
"Priya","Patel","priyap5@gmail.com","Priya!11",
"Emma","Watson","ewatson6@gmail.com","EmmaPass!",
"Carlos","Ruiz","cruiz7@gmail.com","Carlos@123",
"Yuki","Tanaka","yukit8@gmail.com","Yuki8888",
"David","Smith","dsmith9@gmail.com","DevPass99",
"Anjali","Singh","anjalis10@gmail.com","Anj#2026"